{
  "chapter_name": "Force and Pressure",
  "topics": [
    {
      "topic_name": "Force - A Push or a Pull",
      "subtopics": [
        {
          "subtopic_name": "Identifying Actions as Push or Pull",
          "content": {
            "paragraphs": [
              "Actions like picking, opening, shutting, kicking, hitting, lifting, flicking, pushing, pulling are often used to describe certain tasks.",
              "Each of these actions usually results in some kind of change in the state of motion of an object.",
              "In science, a push or a pull on an object is called a force.",
              "Thus, we can say that the motion imparted to objects was due to the action of a force."
            ],
            "tables": [
              {
                "caption": "Table 8.1: Identifying Actions as Push or Pull",
                "content": "S.\nNo. \nDescription of\nthe situation\nAction : (pushing/ pulling/picking/\nhitting/lifting/ lowering/flying/\nkicking/ throwing/shutting/\nflicking)\nAction can be\ngrouped as a\nPush\n1.\nMoving a book\nplaced on a table\n2.\nOpening or\nshutting  a door\n3.\nDrawing a bucket\nof water from a\nwell\n4.\nA football player\ntaking a penalty\nkick\n5.\nA cricket ball hit\nby a batsman\n6.\nMoving a loaded\ncart\n7.\nOpening a\ndrawer\nPushing\nPulling\nLifting\n\u2014\nYes\nYes\nPull"
              }
            ],
            "figures": [
              {
                "caption": "Fig. 8.1 : (a) A goal keeper saving a goal, (b) A hockey player flicking a ball, and (c) A fielder stopping a ball",
                "description": ""
              }
            ],
            "examples": [],
            "activities": [
              "Activity 8.1"
            ],
            "questions": [],
            "boxed_facts": []
          }
        }
      ]
    },
    {
      "topic_name": "Forces are due to an Interaction",
      "subtopics": [
        {
          "subtopic_name": "Interaction between objects",
          "content": {
            "paragraphs": [
              "From these examples, we can infer that at least two objects must interact for a force to come into play.",
              "Thus, an interaction of one object with another object results in a force between the two objects."
            ],
            "tables": [],
            "figures": [
              {
                "caption": "Fig. 8.2 (a) : A man standing behind a stationary car",
                "description": ""
              },
              {
                "caption": "Fig. 8.2 (b) : A car being pushed by a man",
                "description": ""
              },
              {
                "caption": "Fig. 8.3 (a) : Who is pushing whom?",
                "description": ""
              },
              {
                "caption": "Fig. 8.3 (b) : Who is pulling whom ?",
                "description": ""
              },
              {
                "caption": "Fig. 8.3 (c) : Who is pulling whom?",
                "description": ""
              }
            ],
            "examples": [],
            "activities": [],
            "questions": [],
            "boxed_facts": []
          }
        }
      ]
    },
    {
      "topic_name": "Exploring Forces",
      "subtopics": [
        {
          "subtopic_name": "Exploring the nature of force",
          "content": {
            "paragraphs": [
              "Forces applied on an object in the same direction add to one another.",
              "If the two forces act in the opposite directions on an object, the net force acting on it is the difference between the two forces.",
              "So, we learn that a force could be larger or smaller than the other or equal to each other.",
              "The strength of a force is usually expressed by its magnitude.",
              "We have also to specify the direction in which a force acts.",
              "Also, if the direction or the magnitude of the applied force changes, its effect also changes.",
              "In general, more than one force may be acting on an object. However, the effect on the object is due to the net force acting on it."
            ],
            "tables": [],
            "figures": [
              {
                "caption": "Fig. 8.4 : Two friends pushing a heavy load (a) in the same direction, (b) in opposite direction",
                "description": ""
              },
              {
                "caption": "Fig. 8.5 : The rope may not move if the two teams pull at it with equal force",
                "description": ""
              }
            ],
            "examples": [],
            "activities": [
              "Activity 8.2"
            ],
            "questions": [],
            "boxed_facts": []
          }
        }
      ]
    },
    {
      "topic_name": "A Force can Change the State of Motion",
      "subtopics": [
        {
          "subtopic_name": "Effect of force on the state of motion",
          "content": {
            "paragraphs": [
              "These observations suggest that a force applied on an object may change its speed.",
              "If the force applied on the object is in the direction of its motion, the speed of the object increases.",
              "If the force is applied in the direction opposite to the direction of motion, then it results in a decrease in the speed of the object.",
              "A change in either the speed of an object, or its direction of motion, or both, is described as a change in its state of motion.",
              "Thus, a force may bring a change in the state of motion of an object."
            ],
            "tables": [],
            "figures": [
              {
                "caption": "Fig. 8.6  : A ball at rest begins to move when a force is applied on it",
                "description": ""
              },
              {
                "caption": "Fig. 8.7 :",
                "description": "To move a tyre faster it has to be pushed repeatedly"
              },
              {
                "caption": "Fig. 8.8 : (a) A ball set in motion by pushing it along a level surface and (b) the direction of motion of the ball after it strikes the ruler placed in its path",
                "description": ""
              }
            ],
            "examples": [],
            "activities": [
              "Activity 8.3",
              "Activity 8.4"
            ],
            "questions": [],
            "boxed_facts": []
          }
        }
      ]
    },
    {
      "topic_name": "Force can Change the Shape of an Object",
      "subtopics": [
        {
          "subtopic_name": "Effect of force on the shape of an object",
          "content": {
            "paragraphs": [
              "In all these examples you saw that the application of force on an object may change its shape.",
              "Having performed all the above activities, you would have realised that a force may make an object move from rest; may change the speed of an object if it is moving; may change the direction of motion of an object; may bring about a change in the shape of an object; may cause some or all of these effects.",
              "While a force may cause one or more of these effects, it is important to remember that none of these actions can take place without the action of a force.",
              "Thus, an object cannot move by itself, it cannot change speed by itself, it cannot change direction by itself and its shape cannot change by itself."
            ],
            "tables": [
              {
                "caption": "Table 8.2 : Studying the Effect of Force on Objects",
                "content": "Description of\nSituation\nHow to Apply\nForce\nDiagram\nAction of Force\nChange in\nState of\nMotion\nChange in\nShape\nYes\nNo\nYes\nNo\nPressing it down\nwith your hands.\nBy sitting on the\nseat.\nBy \nhanging \na\nweight \nor \nby\npulling its free end.\nBy putting a weight\nat the centre of the\nscale."
              }
            ],
            "figures": [
              {
                "caption": "Fig. 8.9 : Muscular force of animals is used to carry out many difficult tasks",
                "description": ""
              }
            ],
            "examples": [],
            "activities": [
              "Activity 8.5"
            ],
            "questions": [],
            "boxed_facts": []
          }
        }
      ]
    },
    {
      "topic_name": "Contact Forces",
      "subtopics": [
        {
          "subtopic_name": "Muscular Force",
          "content": {
            "paragraphs": [
              "Generally, to apply a force on an object, your body has to be in contact with the object.",
              "The contact may also be with the help of a stick or a piece of rope.",
              "When we push an object like a school bag or lift a bucket of water, where does the force come from?",
              "This force is caused by the action of muscles in our body.",
              "The force resulting due to the action of muscles is known as the muscular force.",
              "It is the muscular force that enables us to perform all activities involving movement or bending of our body.",
              "Animals also make use of muscular force to carry out their physical activities and other tasks.",
              "Since muscular force can be applied only when it is in contact with an object, it is also called a contact force."
            ],
            "tables": [],
            "figures": [],
            "examples": [],
            "activities": [],
            "questions": [],
            "boxed_facts": []
          }
        },
        {
          "subtopic_name": "Friction",
          "content": {
            "paragraphs": [
              "In all these situations no force appears to be acting on the objects, yet their speed gradually decreases and they come to rest after some time.",
              "What causes a change in their state of motion?",
              "Could some force be acting on them!",
              "The force responsible for changing the state of motion of objects in all these examples is the force of friction.",
              "It is the force of friction between the surface of the ball and the ground that brings the moving ball to rest.",
              "Similarly, friction between water and the boat brings it to a stop once you stop rowing.",
              "The force of friction always acts on all the moving objects and its direction is always opposite to the direction of motion.",
              "Since the force of friction arises due to contact between surfaces, it is also an example of a contact force."
            ],
            "tables": [],
            "figures": [],
            "examples": [],
            "activities": [],
            "questions": [],
            "boxed_facts": []
          }
        }
      ]
    },
    {
      "topic_name": "Non-contact Forces",
      "subtopics": [
        {
          "subtopic_name": "Magnetic Force",
          "content": {
            "paragraphs": [
              "You have learnt in Class VI that like poles of two magnets repel each other and unlike poles attract each other.",
              "Attraction or repulsion between objects can also be seen as another form of pull or push.",
              "A magnet can exert a force on another magnet without being in contact with it.",
              "The force exerted by a magnet is an example of a non-contact force.",
              "Similarly, the force exerted by a magnet on a piece of iron is also a non-contact force."
            ],
            "tables": [],
            "figures": [
              {
                "caption": "Fig. 8.10 : Observing attraction and repulsion between two magnets",
                "description": ""
              }
            ],
            "examples": [],
            "activities": [
              "Activity 8.6"
            ],
            "questions": [],
            "boxed_facts": []
          }
        },
        {
          "subtopic_name": "Electrostatic Force",
          "content": {
            "paragraphs": [
              "A straw is said to have acquired electrostatic charge after it has been rubbed with a sheet of paper.",
              "Such a straw is an example of a charged body.",
              "The force exerted by a charged body on another charged or uncharged body is known as electrostatic force.",
              "This force comes into play even when the bodies are not in contact.",
              "The electrostatic force, therefore, is another example of a non-contact force."
            ],
            "tables": [],
            "figures": [
              {
                "caption": "Fig.  8.11 : A straw rubbed with paper attracts another straw but repels it if it has also been rubbed with a sheet of paper",
                "description": ""
              }
            ],
            "examples": [],
            "activities": [
              "Activity 8.7"
            ],
            "questions": [],
            "boxed_facts": []
          }
        },
        {
          "subtopic_name": "Gravitational Force",
          "content": {
            "paragraphs": [
              "Objects or things fall towards the earth because it pulls them.",
              "This force is called the force of gravity, or just gravity.",
              "This is an attractive force.",
              "The force of gravity acts on all objects.",
              "Gravity is not a property of the earth alone.",
              "In fact, every object in the universe, whether small or large, exerts a force on every other object.",
              "This force is known as the gravitational force."
            ],
            "tables": [],
            "figures": [],
            "examples": [],
            "activities": [],
            "questions": [],
            "boxed_facts": []
          }
        }
      ]
    },
    {
      "topic_name": "Pressure",
      "subtopics": [
        {
          "subtopic_name": "Relationship between pressure and force",
          "content": {
            "paragraphs": [
              "The force acting on a unit area of a surface is called pressure.",
              "pressure = force / area on which it acts",
              "Note that the area is in the denominator in the above expression.",
              "So, the smaller the area, larger the pressure on a surface for the same force.",
              "Do liquids and gases also exert pressure?",
              "Does it also depend on the area on which the force acts?"
            ],
            "tables": [],
            "figures": [
              {
                "caption": "Fig. 8.12 : Pushing a nail into a wooden plank",
                "description": ""
              },
              {
                "caption": "Fig. 8.13 : A porter carrying a heavy load",
                "description": ""
              }
            ],
            "examples": [],
            "activities": [],
            "questions": [],
            "boxed_facts": []
          }
        }
      ]
    },
    {
      "topic_name": "Pressure Exerted by Liquids and Gases",
      "subtopics": [
        {
          "subtopic_name": "Pressure exerted by liquids",
          "content": {
            "paragraphs": [
              "Can you now say that liquids exert pressure on the walls of the container?",
              "Do gases also exert pressure?",
              "Do they also exert pressure on the walls of their containers?"
            ],
            "tables": [],
            "figures": [
              {
                "caption": "Fig. 8.14 : Pressure exerted by water at the bottom of the container depends on the height of its column",
                "description": ""
              },
              {
                "caption": "Fig. 8.15 : A liquid exerts pressure on the walls of the container",
                "description": ""
              },
              {
                "caption": "Fig. 8.16 :",
                "description": "Liquids exert equal pressure at the same depth"
              }
            ],
            "examples": [],
            "activities": [
              "Activity 8.8",
              "Activity 8.9",
              "Activity 8.10"
            ],
            "questions": [],
            "boxed_facts": []
          }
        }
      ]
    },
    {
      "topic_name": "Atmospheric Pressure",
      "subtopics": [
        {
          "subtopic_name": "Atmospheric pressure and its effects",
          "content": {
            "paragraphs": [
              "The pressure exerted by this air is known as atmospheric pressure.",
              "The force due to air in a column of the height of the atmosphere and area 15 cm \u00d7 15 cm is nearly equal to the force of gravity on an object of mass 225 kg (2250N).",
              "The reason we are not crushed under this force of gravity is that the pressure inside our bodies is also equal to the atmospheric pressure and balances the pressure from outside."
            ],
            "tables": [],
            "figures": [
              {
                "caption": "Fig. 8.17 :",
                "description": "Atmospheric pressure is the force of gravity on air in a column of unit area"
              },
              {
                "caption": "Fig. 8.18 :",
                "description": "A rubber sucker pressed on a surface"
              },
              {
                "caption": "Fig. 8.19 :",
                "description": "Pressure of atmosphere on your head"
              },
              {
                "caption": "Fig. 8.20 : Horses pulling the hemispheres",
                "description": ""
              }
            ],
            "examples": [],
            "activities": [
              "Activity 8.11"
            ],
            "questions": [],
            "boxed_facts": []
          }
        }
      ]
    }
  ]
}